{
	"BUILD_DIR" : "/home/abdullah/Desktop/Thesis/build-Polymath-Desktop_Qt_6_6_2_GCC_64bit-Debug/Polymath_autogen",
	"CMAKE_BINARY_DIR" : "/home/abdullah/Desktop/Thesis/build-Polymath-Desktop_Qt_6_6_2_GCC_64bit-Debug",
	"CMAKE_CURRENT_BINARY_DIR" : "/home/abdullah/Desktop/Thesis/build-Polymath-Desktop_Qt_6_6_2_GCC_64bit-Debug",
	"CMAKE_CURRENT_SOURCE_DIR" : "/home/abdullah/Desktop/Thesis/Polymath",
	"CMAKE_EXECUTABLE" : "/home/abdullah/Qt/Tools/CMake/bin/cmake",
	"CMAKE_LIST_FILES" : 
	[
		"/home/abdullah/Desktop/Thesis/Polymath/CMakeLists.txt",
		"/home/abdullah/Desktop/Thesis/build-Polymath-Desktop_Qt_6_6_2_GCC_64bit-Debug/.qtc/package-manager/auto-setup.cmake",
		"/home/abdullah/Desktop/Thesis/build-Polymath-Desktop_Qt_6_6_2_GCC_64bit-Debug/CMakeFiles/3.27.7/CMakeSystem.cmake",
		"/home/abdullah/Qt/Tools/CMake/share/cmake-3.27/Modules/CMakeSystemSpecificInitialize.cmake",
		"/home/abdullah/Qt/Tools/CMake/share/cmake-3.27/Modules/Platform/Linux-Initialize.cmake",
		"/home/abdullah/Desktop/Thesis/build-Polymath-Desktop_Qt_6_6_2_GCC_64bit-Debug/CMakeFiles/3.27.7/CMakeCXXCompiler.cmake",
		"/home/abdullah/Qt/Tools/CMake/share/cmake-3.27/Modules/CMakeSystemSpecificInformation.cmake",
		"/home/abdullah/Qt/Tools/CMake/share/cmake-3.27/Modules/CMakeGenericSystem.cmake",
		"/home/abdullah/Qt/Tools/CMake/share/cmake-3.27/Modules/CMakeInitializeConfigs.cmake",
		"/home/abdullah/Qt/Tools/CMake/share/cmake-3.27/Modules/Platform/Linux.cmake",
		"/home/abdullah/Qt/Tools/CMake/share/cmake-3.27/Modules/Platform/UnixPaths.cmake",
		"/home/abdullah/Qt/Tools/CMake/share/cmake-3.27/Modules/CMakeCXXInformation.cmake",
		"/home/abdullah/Qt/Tools/CMake/share/cmake-3.27/Modules/CMakeLanguageInformation.cmake",
		"/home/abdullah/Qt/Tools/CMake/share/cmake-3.27/Modules/Compiler/GNU-CXX.cmake",
		"/home/abdullah/Qt/Tools/CMake/share/cmake-3.27/Modules/Compiler/GNU.cmake",
		"/home/abdullah/Qt/Tools/CMake/share/cmake-3.27/Modules/Compiler/CMakeCommonCompilerMacros.cmake",
		"/home/abdullah/Qt/Tools/CMake/share/cmake-3.27/Modules/Platform/Linux-GNU-CXX.cmake",
		"/home/abdullah/Qt/Tools/CMake/share/cmake-3.27/Modules/Platform/Linux-GNU.cmake",
		"/home/abdullah/Qt/Tools/CMake/share/cmake-3.27/Modules/CMakeCommonLanguageInclude.cmake",
		"/home/abdullah/Qt/6.6.2/gcc_64/lib/cmake/Qt6/Qt6ConfigVersion.cmake",
		"/home/abdullah/Qt/6.6.2/gcc_64/lib/cmake/Qt6/Qt6ConfigVersionImpl.cmake",
		"/home/abdullah/Qt/6.6.2/gcc_64/lib/cmake/Qt6/Qt6Config.cmake",
		"/home/abdullah/Qt/6.6.2/gcc_64/lib/cmake/Qt6/Qt6ConfigExtras.cmake",
		"/home/abdullah/Qt/6.6.2/gcc_64/lib/cmake/Qt6/QtPublicCMakeVersionHelpers.cmake",
		"/home/abdullah/Qt/6.6.2/gcc_64/lib/cmake/Qt6/Qt6Targets.cmake",
		"/home/abdullah/Qt/6.6.2/gcc_64/lib/cmake/Qt6/Qt6VersionlessTargets.cmake",
		"/home/abdullah/Qt/6.6.2/gcc_64/lib/cmake/Qt6/QtFeature.cmake",
		"/home/abdullah/Qt/Tools/CMake/share/cmake-3.27/Modules/CheckCXXCompilerFlag.cmake",
		"/home/abdullah/Qt/Tools/CMake/share/cmake-3.27/Modules/Internal/CheckCompilerFlag.cmake",
		"/home/abdullah/Qt/Tools/CMake/share/cmake-3.27/Modules/Internal/CheckFlagCommonConfig.cmake",
		"/home/abdullah/Qt/Tools/CMake/share/cmake-3.27/Modules/Internal/CheckSourceCompiles.cmake",
		"/home/abdullah/Qt/Tools/CMake/share/cmake-3.27/Modules/CMakeCheckCompilerFlagCommonPatterns.cmake",
		"/home/abdullah/Qt/Tools/CMake/share/cmake-3.27/Modules/CheckCXXSourceCompiles.cmake",
		"/home/abdullah/Qt/Tools/CMake/share/cmake-3.27/Modules/Internal/CheckSourceCompiles.cmake",
		"/home/abdullah/Qt/6.6.2/gcc_64/lib/cmake/Qt6/QtFeatureCommon.cmake",
		"/home/abdullah/Qt/6.6.2/gcc_64/lib/cmake/Qt6/QtPublicAppleHelpers.cmake",
		"/home/abdullah/Qt/6.6.2/gcc_64/lib/cmake/Qt6/QtPublicCMakeHelpers.cmake",
		"/home/abdullah/Qt/6.6.2/gcc_64/lib/cmake/Qt6/QtPublicCMakeVersionHelpers.cmake",
		"/home/abdullah/Qt/6.6.2/gcc_64/lib/cmake/Qt6/QtPublicDependencyHelpers.cmake",
		"/home/abdullah/Qt/6.6.2/gcc_64/lib/cmake/Qt6/QtPublicExternalProjectHelpers.cmake",
		"/home/abdullah/Qt/6.6.2/gcc_64/lib/cmake/Qt6/QtPublicFinalizerHelpers.cmake",
		"/home/abdullah/Qt/6.6.2/gcc_64/lib/cmake/Qt6/QtPublicFindPackageHelpers.cmake",
		"/home/abdullah/Qt/6.6.2/gcc_64/lib/cmake/Qt6/QtPublicPluginHelpers.cmake",
		"/home/abdullah/Qt/6.6.2/gcc_64/lib/cmake/Qt6/QtPublicTargetHelpers.cmake",
		"/home/abdullah/Qt/6.6.2/gcc_64/lib/cmake/Qt6/QtPublicTestHelpers.cmake",
		"/home/abdullah/Qt/6.6.2/gcc_64/lib/cmake/Qt6/QtPublicToolHelpers.cmake",
		"/home/abdullah/Qt/6.6.2/gcc_64/lib/cmake/Qt6/QtPublicWalkLibsHelpers.cmake",
		"/home/abdullah/Qt/Tools/CMake/share/cmake-3.27/Modules/CMakeFindDependencyMacro.cmake",
		"/home/abdullah/Qt/6.6.2/gcc_64/lib/cmake/Qt6/Qt6Dependencies.cmake",
		"/home/abdullah/Qt/Tools/CMake/share/cmake-3.27/Modules/FindThreads.cmake",
		"/home/abdullah/Qt/Tools/CMake/share/cmake-3.27/Modules/CheckLibraryExists.cmake",
		"/home/abdullah/Qt/Tools/CMake/share/cmake-3.27/Modules/CheckIncludeFileCXX.cmake",
		"/home/abdullah/Qt/Tools/CMake/share/cmake-3.27/Modules/CheckCXXSourceCompiles.cmake",
		"/home/abdullah/Qt/Tools/CMake/share/cmake-3.27/Modules/FindPackageHandleStandardArgs.cmake",
		"/home/abdullah/Qt/Tools/CMake/share/cmake-3.27/Modules/FindPackageMessage.cmake",
		"/home/abdullah/Qt/6.6.2/gcc_64/lib/cmake/Qt6/Qt6ConfigVersion.cmake",
		"/home/abdullah/Qt/6.6.2/gcc_64/lib/cmake/Qt6/Qt6ConfigVersionImpl.cmake",
		"/home/abdullah/Qt/6.6.2/gcc_64/lib/cmake/Qt6/Qt6Config.cmake",
		"/home/abdullah/Qt/6.6.2/gcc_64/lib/cmake/Qt6/Qt6ConfigExtras.cmake",
		"/home/abdullah/Qt/6.6.2/gcc_64/lib/cmake/Qt6/QtPublicCMakeVersionHelpers.cmake",
		"/home/abdullah/Qt/6.6.2/gcc_64/lib/cmake/Qt6/Qt6Targets.cmake",
		"/home/abdullah/Qt/6.6.2/gcc_64/lib/cmake/Qt6/Qt6VersionlessTargets.cmake",
		"/home/abdullah/Qt/6.6.2/gcc_64/lib/cmake/Qt6/QtFeature.cmake",
		"/home/abdullah/Qt/Tools/CMake/share/cmake-3.27/Modules/CheckCXXCompilerFlag.cmake",
		"/home/abdullah/Qt/6.6.2/gcc_64/lib/cmake/Qt6/QtFeatureCommon.cmake",
		"/home/abdullah/Qt/6.6.2/gcc_64/lib/cmake/Qt6/QtPublicAppleHelpers.cmake",
		"/home/abdullah/Qt/6.6.2/gcc_64/lib/cmake/Qt6/QtPublicCMakeHelpers.cmake",
		"/home/abdullah/Qt/6.6.2/gcc_64/lib/cmake/Qt6/QtPublicCMakeVersionHelpers.cmake",
		"/home/abdullah/Qt/6.6.2/gcc_64/lib/cmake/Qt6/QtPublicDependencyHelpers.cmake",
		"/home/abdullah/Qt/6.6.2/gcc_64/lib/cmake/Qt6/QtPublicExternalProjectHelpers.cmake",
		"/home/abdullah/Qt/6.6.2/gcc_64/lib/cmake/Qt6/QtPublicFinalizerHelpers.cmake",
		"/home/abdullah/Qt/6.6.2/gcc_64/lib/cmake/Qt6/QtPublicFindPackageHelpers.cmake",
		"/home/abdullah/Qt/6.6.2/gcc_64/lib/cmake/Qt6/QtPublicPluginHelpers.cmake",
		"/home/abdullah/Qt/6.6.2/gcc_64/lib/cmake/Qt6/QtPublicTargetHelpers.cmake",
		"/home/abdullah/Qt/6.6.2/gcc_64/lib/cmake/Qt6/QtPublicTestHelpers.cmake",
		"/home/abdullah/Qt/6.6.2/gcc_64/lib/cmake/Qt6/QtPublicToolHelpers.cmake",
		"/home/abdullah/Qt/6.6.2/gcc_64/lib/cmake/Qt6/QtPublicWalkLibsHelpers.cmake",
		"/home/abdullah/Qt/Tools/CMake/share/cmake-3.27/Modules/CMakeFindDependencyMacro.cmake",
		"/home/abdullah/Qt/6.6.2/gcc_64/lib/cmake/Qt6/Qt6Dependencies.cmake",
		"/home/abdullah/Qt/6.6.2/gcc_64/lib/cmake/Qt6Widgets/Qt6WidgetsConfigVersion.cmake",
		"/home/abdullah/Qt/6.6.2/gcc_64/lib/cmake/Qt6Widgets/Qt6WidgetsConfigVersionImpl.cmake",
		"/home/abdullah/Qt/6.6.2/gcc_64/lib/cmake/Qt6Widgets/Qt6WidgetsConfig.cmake",
		"/home/abdullah/Qt/Tools/CMake/share/cmake-3.27/Modules/CMakeFindDependencyMacro.cmake",
		"/home/abdullah/Qt/6.6.2/gcc_64/lib/cmake/Qt6Widgets/Qt6WidgetsDependencies.cmake",
		"/home/abdullah/Qt/6.6.2/gcc_64/lib/cmake/Qt6WidgetsTools/Qt6WidgetsToolsConfigVersion.cmake",
		"/home/abdullah/Qt/6.6.2/gcc_64/lib/cmake/Qt6WidgetsTools/Qt6WidgetsToolsConfigVersionImpl.cmake",
		"/home/abdullah/Qt/6.6.2/gcc_64/lib/cmake/Qt6WidgetsTools/Qt6WidgetsToolsConfig.cmake",
		"/home/abdullah/Qt/Tools/CMake/share/cmake-3.27/Modules/CMakeFindDependencyMacro.cmake",
		"/home/abdullah/Qt/6.6.2/gcc_64/lib/cmake/Qt6WidgetsTools/Qt6WidgetsToolsDependencies.cmake",
		"/home/abdullah/Qt/6.6.2/gcc_64/lib/cmake/Qt6CoreTools/Qt6CoreToolsConfigVersion.cmake",
		"/home/abdullah/Qt/6.6.2/gcc_64/lib/cmake/Qt6CoreTools/Qt6CoreToolsConfigVersionImpl.cmake",
		"/home/abdullah/Qt/6.6.2/gcc_64/lib/cmake/Qt6CoreTools/Qt6CoreToolsConfig.cmake",
		"/home/abdullah/Qt/Tools/CMake/share/cmake-3.27/Modules/CMakeFindDependencyMacro.cmake",
		"/home/abdullah/Qt/6.6.2/gcc_64/lib/cmake/Qt6CoreTools/Qt6CoreToolsDependencies.cmake",
		"/home/abdullah/Qt/6.6.2/gcc_64/lib/cmake/Qt6CoreTools/Qt6CoreToolsTargets.cmake",
		"/home/abdullah/Qt/6.6.2/gcc_64/lib/cmake/Qt6CoreTools/Qt6CoreToolsTargets-relwithdebinfo.cmake",
		"/home/abdullah/Qt/6.6.2/gcc_64/lib/cmake/Qt6CoreTools/Qt6CoreToolsAdditionalTargetInfo.cmake",
		"/home/abdullah/Qt/6.6.2/gcc_64/lib/cmake/Qt6CoreTools/Qt6CoreToolsVersionlessTargets.cmake",
		"/home/abdullah/Qt/6.6.2/gcc_64/lib/cmake/Qt6GuiTools/Qt6GuiToolsConfigVersion.cmake",
		"/home/abdullah/Qt/6.6.2/gcc_64/lib/cmake/Qt6GuiTools/Qt6GuiToolsConfigVersionImpl.cmake",
		"/home/abdullah/Qt/6.6.2/gcc_64/lib/cmake/Qt6GuiTools/Qt6GuiToolsConfig.cmake",
		"/home/abdullah/Qt/Tools/CMake/share/cmake-3.27/Modules/CMakeFindDependencyMacro.cmake",
		"/home/abdullah/Qt/6.6.2/gcc_64/lib/cmake/Qt6GuiTools/Qt6GuiToolsDependencies.cmake",
		"/home/abdullah/Qt/6.6.2/gcc_64/lib/cmake/Qt6GuiTools/Qt6GuiToolsTargets.cmake",
		"/home/abdullah/Qt/6.6.2/gcc_64/lib/cmake/Qt6GuiTools/Qt6GuiToolsTargets-relwithdebinfo.cmake",
		"/home/abdullah/Qt/6.6.2/gcc_64/lib/cmake/Qt6GuiTools/Qt6GuiToolsAdditionalTargetInfo.cmake",
		"/home/abdullah/Qt/6.6.2/gcc_64/lib/cmake/Qt6GuiTools/Qt6GuiToolsVersionlessTargets.cmake",
		"/home/abdullah/Qt/6.6.2/gcc_64/lib/cmake/Qt6WidgetsTools/Qt6WidgetsToolsTargets.cmake",
		"/home/abdullah/Qt/6.6.2/gcc_64/lib/cmake/Qt6WidgetsTools/Qt6WidgetsToolsTargets-relwithdebinfo.cmake",
		"/home/abdullah/Qt/6.6.2/gcc_64/lib/cmake/Qt6WidgetsTools/Qt6WidgetsToolsAdditionalTargetInfo.cmake",
		"/home/abdullah/Qt/6.6.2/gcc_64/lib/cmake/Qt6WidgetsTools/Qt6WidgetsToolsVersionlessTargets.cmake",
		"/home/abdullah/Qt/6.6.2/gcc_64/lib/cmake/Qt6Core/Qt6CoreConfigVersion.cmake",
		"/home/abdullah/Qt/6.6.2/gcc_64/lib/cmake/Qt6Core/Qt6CoreConfigVersionImpl.cmake",
		"/home/abdullah/Qt/6.6.2/gcc_64/lib/cmake/Qt6Core/Qt6CoreConfig.cmake",
		"/home/abdullah/Qt/Tools/CMake/share/cmake-3.27/Modules/CMakeFindDependencyMacro.cmake",
		"/home/abdullah/Qt/6.6.2/gcc_64/lib/cmake/Qt6Core/Qt6CoreDependencies.cmake",
		"/home/abdullah/Qt/6.6.2/gcc_64/lib/cmake/Qt6/FindWrapAtomic.cmake",
		"/home/abdullah/Qt/Tools/CMake/share/cmake-3.27/Modules/CheckCXXSourceCompiles.cmake",
		"/home/abdullah/Qt/Tools/CMake/share/cmake-3.27/Modules/FindPackageHandleStandardArgs.cmake",
		"/home/abdullah/Qt/Tools/CMake/share/cmake-3.27/Modules/FindPackageMessage.cmake",
		"/home/abdullah/Qt/6.6.2/gcc_64/lib/cmake/Qt6CoreTools/Qt6CoreToolsConfigVersion.cmake",
		"/home/abdullah/Qt/6.6.2/gcc_64/lib/cmake/Qt6CoreTools/Qt6CoreToolsConfigVersionImpl.cmake",
		"/home/abdullah/Qt/6.6.2/gcc_64/lib/cmake/Qt6CoreTools/Qt6CoreToolsConfig.cmake",
		"/home/abdullah/Qt/Tools/CMake/share/cmake-3.27/Modules/CMakeFindDependencyMacro.cmake",
		"/home/abdullah/Qt/6.6.2/gcc_64/lib/cmake/Qt6CoreTools/Qt6CoreToolsDependencies.cmake",
		"/home/abdullah/Qt/6.6.2/gcc_64/lib/cmake/Qt6CoreTools/Qt6CoreToolsTargets.cmake",
		"/home/abdullah/Qt/6.6.2/gcc_64/lib/cmake/Qt6CoreTools/Qt6CoreToolsAdditionalTargetInfo.cmake",
		"/home/abdullah/Qt/6.6.2/gcc_64/lib/cmake/Qt6CoreTools/Qt6CoreToolsVersionlessTargets.cmake",
		"/home/abdullah/Qt/6.6.2/gcc_64/lib/cmake/Qt6Core/Qt6CoreTargets.cmake",
		"/home/abdullah/Qt/6.6.2/gcc_64/lib/cmake/Qt6Core/Qt6CoreTargets-relwithdebinfo.cmake",
		"/home/abdullah/Qt/6.6.2/gcc_64/lib/cmake/Qt6Core/Qt6CoreAdditionalTargetInfo.cmake",
		"/home/abdullah/Qt/6.6.2/gcc_64/lib/cmake/Qt6Core/Qt6CoreVersionlessTargets.cmake",
		"/home/abdullah/Qt/6.6.2/gcc_64/lib/cmake/Qt6Core/Qt6CoreMacros.cmake",
		"/home/abdullah/Qt/6.6.2/gcc_64/lib/cmake/Qt6Core/Qt6CoreConfigExtras.cmake",
		"/home/abdullah/Qt/6.6.2/gcc_64/lib/cmake/Qt6Core/QtInstallPaths.cmake",
		"/home/abdullah/Qt/Tools/CMake/share/cmake-3.27/Modules/GNUInstallDirs.cmake",
		"/home/abdullah/Qt/6.6.2/gcc_64/lib/cmake/Qt6Gui/Qt6GuiConfigVersion.cmake",
		"/home/abdullah/Qt/6.6.2/gcc_64/lib/cmake/Qt6Gui/Qt6GuiConfigVersionImpl.cmake",
		"/home/abdullah/Qt/6.6.2/gcc_64/lib/cmake/Qt6Gui/Qt6GuiConfig.cmake",
		"/home/abdullah/Qt/Tools/CMake/share/cmake-3.27/Modules/CMakeFindDependencyMacro.cmake",
		"/home/abdullah/Qt/6.6.2/gcc_64/lib/cmake/Qt6Gui/Qt6GuiDependencies.cmake",
		"/home/abdullah/Qt/6.6.2/gcc_64/lib/cmake/Qt6/FindWrapOpenGL.cmake",
		"/home/abdullah/Qt/Tools/CMake/share/cmake-3.27/Modules/FindOpenGL.cmake",
		"/home/abdullah/Qt/Tools/CMake/share/cmake-3.27/Modules/FindPackageHandleStandardArgs.cmake",
		"/home/abdullah/Qt/Tools/CMake/share/cmake-3.27/Modules/FindPackageMessage.cmake",
		"/home/abdullah/Qt/Tools/CMake/share/cmake-3.27/Modules/FindPackageHandleStandardArgs.cmake",
		"/home/abdullah/Qt/Tools/CMake/share/cmake-3.27/Modules/FindPackageMessage.cmake",
		"/home/abdullah/Qt/6.6.2/gcc_64/lib/cmake/Qt6/3rdparty/kwin/FindXKB.cmake",
		"/home/abdullah/Qt/Tools/CMake/share/cmake-3.27/Modules/FindPkgConfig.cmake",
		"/home/abdullah/Qt/Tools/CMake/share/cmake-3.27/Modules/FindPackageHandleStandardArgs.cmake",
		"/home/abdullah/Qt/Tools/CMake/share/cmake-3.27/Modules/FindPackageMessage.cmake",
		"/home/abdullah/Qt/Tools/CMake/share/cmake-3.27/Modules/FindPackageHandleStandardArgs.cmake",
		"/home/abdullah/Qt/Tools/CMake/share/cmake-3.27/Modules/FindPackageMessage.cmake",
		"/home/abdullah/Qt/Tools/CMake/share/cmake-3.27/Modules/FeatureSummary.cmake",
		"/home/abdullah/Qt/6.6.2/gcc_64/lib/cmake/Qt6/FindWrapVulkanHeaders.cmake",
		"/home/abdullah/Qt/Tools/CMake/share/cmake-3.27/Modules/FindVulkan.cmake",
		"/home/abdullah/Qt/Tools/CMake/share/cmake-3.27/Modules/FindPackageHandleStandardArgs.cmake",
		"/home/abdullah/Qt/Tools/CMake/share/cmake-3.27/Modules/FindPackageMessage.cmake",
		"/home/abdullah/Qt/Tools/CMake/share/cmake-3.27/Modules/FindPackageHandleStandardArgs.cmake",
		"/home/abdullah/Qt/Tools/CMake/share/cmake-3.27/Modules/FindPackageMessage.cmake",
		"/home/abdullah/Qt/6.6.2/gcc_64/lib/cmake/Qt6GuiTools/Qt6GuiToolsConfigVersion.cmake",
		"/home/abdullah/Qt/6.6.2/gcc_64/lib/cmake/Qt6GuiTools/Qt6GuiToolsConfigVersionImpl.cmake",
		"/home/abdullah/Qt/6.6.2/gcc_64/lib/cmake/Qt6GuiTools/Qt6GuiToolsConfig.cmake",
		"/home/abdullah/Qt/Tools/CMake/share/cmake-3.27/Modules/CMakeFindDependencyMacro.cmake",
		"/home/abdullah/Qt/6.6.2/gcc_64/lib/cmake/Qt6GuiTools/Qt6GuiToolsDependencies.cmake",
		"/home/abdullah/Qt/6.6.2/gcc_64/lib/cmake/Qt6GuiTools/Qt6GuiToolsTargets.cmake",
		"/home/abdullah/Qt/6.6.2/gcc_64/lib/cmake/Qt6GuiTools/Qt6GuiToolsAdditionalTargetInfo.cmake",
		"/home/abdullah/Qt/6.6.2/gcc_64/lib/cmake/Qt6GuiTools/Qt6GuiToolsVersionlessTargets.cmake",
		"/home/abdullah/Qt/6.6.2/gcc_64/lib/cmake/Qt6DBus/Qt6DBusConfigVersion.cmake",
		"/home/abdullah/Qt/6.6.2/gcc_64/lib/cmake/Qt6DBus/Qt6DBusConfigVersionImpl.cmake",
		"/home/abdullah/Qt/6.6.2/gcc_64/lib/cmake/Qt6DBus/Qt6DBusConfig.cmake",
		"/home/abdullah/Qt/Tools/CMake/share/cmake-3.27/Modules/CMakeFindDependencyMacro.cmake",
		"/home/abdullah/Qt/6.6.2/gcc_64/lib/cmake/Qt6DBus/Qt6DBusDependencies.cmake",
		"/home/abdullah/Qt/6.6.2/gcc_64/lib/cmake/Qt6DBusTools/Qt6DBusToolsConfigVersion.cmake",
		"/home/abdullah/Qt/6.6.2/gcc_64/lib/cmake/Qt6DBusTools/Qt6DBusToolsConfigVersionImpl.cmake",
		"/home/abdullah/Qt/6.6.2/gcc_64/lib/cmake/Qt6DBusTools/Qt6DBusToolsConfig.cmake",
		"/home/abdullah/Qt/Tools/CMake/share/cmake-3.27/Modules/CMakeFindDependencyMacro.cmake",
		"/home/abdullah/Qt/6.6.2/gcc_64/lib/cmake/Qt6DBusTools/Qt6DBusToolsDependencies.cmake",
		"/home/abdullah/Qt/6.6.2/gcc_64/lib/cmake/Qt6DBusTools/Qt6DBusToolsTargets.cmake",
		"/home/abdullah/Qt/6.6.2/gcc_64/lib/cmake/Qt6DBusTools/Qt6DBusToolsTargets-relwithdebinfo.cmake",
		"/home/abdullah/Qt/6.6.2/gcc_64/lib/cmake/Qt6DBusTools/Qt6DBusToolsAdditionalTargetInfo.cmake",
		"/home/abdullah/Qt/6.6.2/gcc_64/lib/cmake/Qt6DBusTools/Qt6DBusToolsVersionlessTargets.cmake",
		"/home/abdullah/Qt/6.6.2/gcc_64/lib/cmake/Qt6DBus/Qt6DBusTargets.cmake",
		"/home/abdullah/Qt/6.6.2/gcc_64/lib/cmake/Qt6DBus/Qt6DBusTargets-relwithdebinfo.cmake",
		"/home/abdullah/Qt/6.6.2/gcc_64/lib/cmake/Qt6DBus/Qt6DBusAdditionalTargetInfo.cmake",
		"/home/abdullah/Qt/6.6.2/gcc_64/lib/cmake/Qt6DBus/Qt6DBusVersionlessTargets.cmake",
		"/home/abdullah/Qt/6.6.2/gcc_64/lib/cmake/Qt6DBus/Qt6DBusMacros.cmake",
		"/home/abdullah/Qt/Tools/CMake/share/cmake-3.27/Modules/MacroAddFileDependencies.cmake",
		"/home/abdullah/Qt/6.6.2/gcc_64/lib/cmake/Qt6Gui/Qt6GuiTargets.cmake",
		"/home/abdullah/Qt/6.6.2/gcc_64/lib/cmake/Qt6Gui/Qt6GuiTargets-relwithdebinfo.cmake",
		"/home/abdullah/Qt/6.6.2/gcc_64/lib/cmake/Qt6Gui/Qt6GuiAdditionalTargetInfo.cmake",
		"/home/abdullah/Qt/6.6.2/gcc_64/lib/cmake/Qt6Gui/Qt6GuiVersionlessTargets.cmake",
		"/home/abdullah/Qt/6.6.2/gcc_64/lib/cmake/Qt6Gui/Qt6GuiPlugins.cmake",
		"/home/abdullah/Qt/6.6.2/gcc_64/lib/cmake/Qt6Gui/Qt6QComposePlatformInputContextPluginConfig.cmake",
		"/home/abdullah/Qt/Tools/CMake/share/cmake-3.27/Modules/CMakeFindDependencyMacro.cmake",
		"/home/abdullah/Qt/6.6.2/gcc_64/lib/cmake/Qt6Gui/Qt6QComposePlatformInputContextPluginTargets.cmake",
		"/home/abdullah/Qt/6.6.2/gcc_64/lib/cmake/Qt6Gui/Qt6QComposePlatformInputContextPluginTargets-relwithdebinfo.cmake",
		"/home/abdullah/Qt/6.6.2/gcc_64/lib/cmake/Qt6Gui/Qt6QComposePlatformInputContextPluginAdditionalTargetInfo.cmake",
		"/home/abdullah/Qt/6.6.2/gcc_64/lib/cmake/Qt6Gui/Qt6QEglFSEmulatorIntegrationPluginConfig.cmake",
		"/home/abdullah/Qt/Tools/CMake/share/cmake-3.27/Modules/CMakeFindDependencyMacro.cmake",
		"/home/abdullah/Qt/6.6.2/gcc_64/lib/cmake/Qt6Gui/Qt6QEglFSEmulatorIntegrationPluginTargets.cmake",
		"/home/abdullah/Qt/6.6.2/gcc_64/lib/cmake/Qt6Gui/Qt6QEglFSEmulatorIntegrationPluginTargets-relwithdebinfo.cmake",
		"/home/abdullah/Qt/6.6.2/gcc_64/lib/cmake/Qt6Gui/Qt6QEglFSEmulatorIntegrationPluginAdditionalTargetInfo.cmake",
		"/home/abdullah/Qt/6.6.2/gcc_64/lib/cmake/Qt6Gui/Qt6QEglFSIntegrationPluginConfig.cmake",
		"/home/abdullah/Qt/Tools/CMake/share/cmake-3.27/Modules/CMakeFindDependencyMacro.cmake",
		"/home/abdullah/Qt/6.6.2/gcc_64/lib/cmake/Qt6Gui/Qt6QEglFSIntegrationPluginTargets.cmake",
		"/home/abdullah/Qt/6.6.2/gcc_64/lib/cmake/Qt6Gui/Qt6QEglFSIntegrationPluginTargets-relwithdebinfo.cmake",
		"/home/abdullah/Qt/6.6.2/gcc_64/lib/cmake/Qt6Gui/Qt6QEglFSIntegrationPluginAdditionalTargetInfo.cmake",
		"/home/abdullah/Qt/6.6.2/gcc_64/lib/cmake/Qt6Gui/Qt6QEglFSKmsEglDeviceIntegrationPluginConfig.cmake",
		"/home/abdullah/Qt/Tools/CMake/share/cmake-3.27/Modules/CMakeFindDependencyMacro.cmake",
		"/home/abdullah/Qt/6.6.2/gcc_64/lib/cmake/Qt6Gui/Qt6QEglFSKmsEglDeviceIntegrationPluginTargets.cmake",
		"/home/abdullah/Qt/6.6.2/gcc_64/lib/cmake/Qt6Gui/Qt6QEglFSKmsEglDeviceIntegrationPluginTargets-relwithdebinfo.cmake",
		"/home/abdullah/Qt/6.6.2/gcc_64/lib/cmake/Qt6Gui/Qt6QEglFSKmsEglDeviceIntegrationPluginAdditionalTargetInfo.cmake",
		"/home/abdullah/Qt/6.6.2/gcc_64/lib/cmake/Qt6Gui/Qt6QEglFSX11IntegrationPluginConfig.cmake",
		"/home/abdullah/Qt/Tools/CMake/share/cmake-3.27/Modules/CMakeFindDependencyMacro.cmake",
		"/home/abdullah/Qt/6.6.2/gcc_64/lib/cmake/Qt6Gui/Qt6QEglFSX11IntegrationPluginTargets.cmake",
		"/home/abdullah/Qt/6.6.2/gcc_64/lib/cmake/Qt6Gui/Qt6QEglFSX11IntegrationPluginTargets-relwithdebinfo.cmake",
		"/home/abdullah/Qt/6.6.2/gcc_64/lib/cmake/Qt6Gui/Qt6QEglFSX11IntegrationPluginAdditionalTargetInfo.cmake",
		"/home/abdullah/Qt/6.6.2/gcc_64/lib/cmake/Qt6Gui/Qt6QEvdevKeyboardPluginConfig.cmake",
		"/home/abdullah/Qt/Tools/CMake/share/cmake-3.27/Modules/CMakeFindDependencyMacro.cmake",
		"/home/abdullah/Qt/6.6.2/gcc_64/lib/cmake/Qt6Gui/Qt6QEvdevKeyboardPluginTargets.cmake",
		"/home/abdullah/Qt/6.6.2/gcc_64/lib/cmake/Qt6Gui/Qt6QEvdevKeyboardPluginTargets-relwithdebinfo.cmake",
		"/home/abdullah/Qt/6.6.2/gcc_64/lib/cmake/Qt6Gui/Qt6QEvdevKeyboardPluginAdditionalTargetInfo.cmake",
		"/home/abdullah/Qt/6.6.2/gcc_64/lib/cmake/Qt6Gui/Qt6QEvdevMousePluginConfig.cmake",
		"/home/abdullah/Qt/Tools/CMake/share/cmake-3.27/Modules/CMakeFindDependencyMacro.cmake",
		"/home/abdullah/Qt/6.6.2/gcc_64/lib/cmake/Qt6Gui/Qt6QEvdevMousePluginTargets.cmake",
		"/home/abdullah/Qt/6.6.2/gcc_64/lib/cmake/Qt6Gui/Qt6QEvdevMousePluginTargets-relwithdebinfo.cmake",
		"/home/abdullah/Qt/6.6.2/gcc_64/lib/cmake/Qt6Gui/Qt6QEvdevMousePluginAdditionalTargetInfo.cmake",
		"/home/abdullah/Qt/6.6.2/gcc_64/lib/cmake/Qt6Gui/Qt6QEvdevTabletPluginConfig.cmake",
		"/home/abdullah/Qt/Tools/CMake/share/cmake-3.27/Modules/CMakeFindDependencyMacro.cmake",
		"/home/abdullah/Qt/6.6.2/gcc_64/lib/cmake/Qt6Gui/Qt6QEvdevTabletPluginTargets.cmake",
		"/home/abdullah/Qt/6.6.2/gcc_64/lib/cmake/Qt6Gui/Qt6QEvdevTabletPluginTargets-relwithdebinfo.cmake",
		"/home/abdullah/Qt/6.6.2/gcc_64/lib/cmake/Qt6Gui/Qt6QEvdevTabletPluginAdditionalTargetInfo.cmake",
		"/home/abdullah/Qt/6.6.2/gcc_64/lib/cmake/Qt6Gui/Qt6QEvdevTouchScreenPluginConfig.cmake",
		"/home/abdullah/Qt/Tools/CMake/share/cmake-3.27/Modules/CMakeFindDependencyMacro.cmake",
		"/home/abdullah/Qt/6.6.2/gcc_64/lib/cmake/Qt6Gui/Qt6QEvdevTouchScreenPluginTargets.cmake",
		"/home/abdullah/Qt/6.6.2/gcc_64/lib/cmake/Qt6Gui/Qt6QEvdevTouchScreenPluginTargets-relwithdebinfo.cmake",
		"/home/abdullah/Qt/6.6.2/gcc_64/lib/cmake/Qt6Gui/Qt6QEvdevTouchScreenPluginAdditionalTargetInfo.cmake",
		"/home/abdullah/Qt/6.6.2/gcc_64/lib/cmake/Qt6Gui/Qt6QGifPluginConfig.cmake",
		"/home/abdullah/Qt/Tools/CMake/share/cmake-3.27/Modules/CMakeFindDependencyMacro.cmake",
		"/home/abdullah/Qt/6.6.2/gcc_64/lib/cmake/Qt6Gui/Qt6QGifPluginTargets.cmake",
		"/home/abdullah/Qt/6.6.2/gcc_64/lib/cmake/Qt6Gui/Qt6QGifPluginTargets-relwithdebinfo.cmake",
		"/home/abdullah/Qt/6.6.2/gcc_64/lib/cmake/Qt6Gui/Qt6QGifPluginAdditionalTargetInfo.cmake",
		"/home/abdullah/Qt/6.6.2/gcc_64/lib/cmake/Qt6Gui/Qt6QGtk3ThemePluginConfig.cmake",
		"/home/abdullah/Qt/Tools/CMake/share/cmake-3.27/Modules/CMakeFindDependencyMacro.cmake",
		"/home/abdullah/Qt/6.6.2/gcc_64/lib/cmake/Qt6Gui/Qt6QGtk3ThemePluginTargets.cmake",
		"/home/abdullah/Qt/6.6.2/gcc_64/lib/cmake/Qt6Gui/Qt6QGtk3ThemePluginTargets-relwithdebinfo.cmake",
		"/home/abdullah/Qt/6.6.2/gcc_64/lib/cmake/Qt6Gui/Qt6QGtk3ThemePluginAdditionalTargetInfo.cmake",
		"/home/abdullah/Qt/6.6.2/gcc_64/lib/cmake/Qt6Gui/Qt6QICOPluginConfig.cmake",
		"/home/abdullah/Qt/Tools/CMake/share/cmake-3.27/Modules/CMakeFindDependencyMacro.cmake",
		"/home/abdullah/Qt/6.6.2/gcc_64/lib/cmake/Qt6Gui/Qt6QICOPluginTargets.cmake",
		"/home/abdullah/Qt/6.6.2/gcc_64/lib/cmake/Qt6Gui/Qt6QICOPluginTargets-relwithdebinfo.cmake",
		"/home/abdullah/Qt/6.6.2/gcc_64/lib/cmake/Qt6Gui/Qt6QICOPluginAdditionalTargetInfo.cmake",
		"/home/abdullah/Qt/6.6.2/gcc_64/lib/cmake/Qt6Gui/Qt6QIbusPlatformInputContextPluginConfig.cmake",
		"/home/abdullah/Qt/Tools/CMake/share/cmake-3.27/Modules/CMakeFindDependencyMacro.cmake",
		"/home/abdullah/Qt/6.6.2/gcc_64/lib/cmake/Qt6Gui/Qt6QIbusPlatformInputContextPluginTargets.cmake",
		"/home/abdullah/Qt/6.6.2/gcc_64/lib/cmake/Qt6Gui/Qt6QIbusPlatformInputContextPluginTargets-relwithdebinfo.cmake",
		"/home/abdullah/Qt/6.6.2/gcc_64/lib/cmake/Qt6Gui/Qt6QIbusPlatformInputContextPluginAdditionalTargetInfo.cmake",
		"/home/abdullah/Qt/6.6.2/gcc_64/lib/cmake/Qt6Gui/Qt6QJpegPluginConfig.cmake",
		"/home/abdullah/Qt/Tools/CMake/share/cmake-3.27/Modules/CMakeFindDependencyMacro.cmake",
		"/home/abdullah/Qt/6.6.2/gcc_64/lib/cmake/Qt6Gui/Qt6QJpegPluginTargets.cmake",
		"/home/abdullah/Qt/6.6.2/gcc_64/lib/cmake/Qt6Gui/Qt6QJpegPluginTargets-relwithdebinfo.cmake",
		"/home/abdullah/Qt/6.6.2/gcc_64/lib/cmake/Qt6Gui/Qt6QJpegPluginAdditionalTargetInfo.cmake",
		"/home/abdullah/Qt/6.6.2/gcc_64/lib/cmake/Qt6Gui/Qt6QLinuxFbIntegrationPluginConfig.cmake",
		"/home/abdullah/Qt/Tools/CMake/share/cmake-3.27/Modules/CMakeFindDependencyMacro.cmake",
		"/home/abdullah/Qt/6.6.2/gcc_64/lib/cmake/Qt6Gui/Qt6QLinuxFbIntegrationPluginTargets.cmake",
		"/home/abdullah/Qt/6.6.2/gcc_64/lib/cmake/Qt6Gui/Qt6QLinuxFbIntegrationPluginTargets-relwithdebinfo.cmake",
		"/home/abdullah/Qt/6.6.2/gcc_64/lib/cmake/Qt6Gui/Qt6QLinuxFbIntegrationPluginAdditionalTargetInfo.cmake",
		"/home/abdullah/Qt/6.6.2/gcc_64/lib/cmake/Qt6Gui/Qt6QMinimalEglIntegrationPluginConfig.cmake",
		"/home/abdullah/Qt/Tools/CMake/share/cmake-3.27/Modules/CMakeFindDependencyMacro.cmake",
		"/home/abdullah/Qt/6.6.2/gcc_64/lib/cmake/Qt6Gui/Qt6QMinimalEglIntegrationPluginTargets.cmake",
		"/home/abdullah/Qt/6.6.2/gcc_64/lib/cmake/Qt6Gui/Qt6QMinimalEglIntegrationPluginTargets-relwithdebinfo.cmake",
		"/home/abdullah/Qt/6.6.2/gcc_64/lib/cmake/Qt6Gui/Qt6QMinimalEglIntegrationPluginAdditionalTargetInfo.cmake",
		"/home/abdullah/Qt/6.6.2/gcc_64/lib/cmake/Qt6Gui/Qt6QMinimalIntegrationPluginConfig.cmake",
		"/home/abdullah/Qt/Tools/CMake/share/cmake-3.27/Modules/CMakeFindDependencyMacro.cmake",
		"/home/abdullah/Qt/6.6.2/gcc_64/lib/cmake/Qt6Gui/Qt6QMinimalIntegrationPluginTargets.cmake",
		"/home/abdullah/Qt/6.6.2/gcc_64/lib/cmake/Qt6Gui/Qt6QMinimalIntegrationPluginTargets-relwithdebinfo.cmake",
		"/home/abdullah/Qt/6.6.2/gcc_64/lib/cmake/Qt6Gui/Qt6QMinimalIntegrationPluginAdditionalTargetInfo.cmake",
		"/home/abdullah/Qt/6.6.2/gcc_64/lib/cmake/Qt6Gui/Qt6QOffscreenIntegrationPluginConfig.cmake",
		"/home/abdullah/Qt/Tools/CMake/share/cmake-3.27/Modules/CMakeFindDependencyMacro.cmake",
		"/home/abdullah/Qt/6.6.2/gcc_64/lib/cmake/Qt6Gui/Qt6QOffscreenIntegrationPluginTargets.cmake",
		"/home/abdullah/Qt/6.6.2/gcc_64/lib/cmake/Qt6Gui/Qt6QOffscreenIntegrationPluginTargets-relwithdebinfo.cmake",
		"/home/abdullah/Qt/6.6.2/gcc_64/lib/cmake/Qt6Gui/Qt6QOffscreenIntegrationPluginAdditionalTargetInfo.cmake",
		"/home/abdullah/Qt/6.6.2/gcc_64/lib/cmake/Qt6Gui/Qt6QSvgIconPluginConfig.cmake",
		"/home/abdullah/Qt/Tools/CMake/share/cmake-3.27/Modules/CMakeFindDependencyMacro.cmake",
		"/home/abdullah/Qt/6.6.2/gcc_64/lib/cmake/Qt6Gui/Qt6QSvgIconPluginTargets.cmake",
		"/home/abdullah/Qt/6.6.2/gcc_64/lib/cmake/Qt6Gui/Qt6QSvgIconPluginTargets-relwithdebinfo.cmake",
		"/home/abdullah/Qt/6.6.2/gcc_64/lib/cmake/Qt6Gui/Qt6QSvgIconPluginAdditionalTargetInfo.cmake",
		"/home/abdullah/Qt/6.6.2/gcc_64/lib/cmake/Qt6Gui/Qt6QSvgPluginConfig.cmake",
		"/home/abdullah/Qt/Tools/CMake/share/cmake-3.27/Modules/CMakeFindDependencyMacro.cmake",
		"/home/abdullah/Qt/6.6.2/gcc_64/lib/cmake/Qt6Gui/Qt6QSvgPluginTargets.cmake",
		"/home/abdullah/Qt/6.6.2/gcc_64/lib/cmake/Qt6Gui/Qt6QSvgPluginTargets-relwithdebinfo.cmake",
		"/home/abdullah/Qt/6.6.2/gcc_64/lib/cmake/Qt6Gui/Qt6QSvgPluginAdditionalTargetInfo.cmake",
		"/home/abdullah/Qt/6.6.2/gcc_64/lib/cmake/Qt6Gui/Qt6QTuioTouchPluginConfig.cmake",
		"/home/abdullah/Qt/Tools/CMake/share/cmake-3.27/Modules/CMakeFindDependencyMacro.cmake",
		"/home/abdullah/Qt/6.6.2/gcc_64/lib/cmake/Qt6Gui/Qt6QTuioTouchPluginTargets.cmake",
		"/home/abdullah/Qt/6.6.2/gcc_64/lib/cmake/Qt6Gui/Qt6QTuioTouchPluginTargets-relwithdebinfo.cmake",
		"/home/abdullah/Qt/6.6.2/gcc_64/lib/cmake/Qt6Gui/Qt6QTuioTouchPluginAdditionalTargetInfo.cmake",
		"/home/abdullah/Qt/6.6.2/gcc_64/lib/cmake/Qt6Gui/Qt6QVkKhrDisplayIntegrationPluginConfig.cmake",
		"/home/abdullah/Qt/Tools/CMake/share/cmake-3.27/Modules/CMakeFindDependencyMacro.cmake",
		"/home/abdullah/Qt/6.6.2/gcc_64/lib/cmake/Qt6Gui/Qt6QVkKhrDisplayIntegrationPluginTargets.cmake",
		"/home/abdullah/Qt/6.6.2/gcc_64/lib/cmake/Qt6Gui/Qt6QVkKhrDisplayIntegrationPluginTargets-relwithdebinfo.cmake",
		"/home/abdullah/Qt/6.6.2/gcc_64/lib/cmake/Qt6Gui/Qt6QVkKhrDisplayIntegrationPluginAdditionalTargetInfo.cmake",
		"/home/abdullah/Qt/6.6.2/gcc_64/lib/cmake/Qt6Gui/Qt6QVncIntegrationPluginConfig.cmake",
		"/home/abdullah/Qt/Tools/CMake/share/cmake-3.27/Modules/CMakeFindDependencyMacro.cmake",
		"/home/abdullah/Qt/6.6.2/gcc_64/lib/cmake/Qt6Gui/Qt6QVncIntegrationPluginTargets.cmake",
		"/home/abdullah/Qt/6.6.2/gcc_64/lib/cmake/Qt6Gui/Qt6QVncIntegrationPluginTargets-relwithdebinfo.cmake",
		"/home/abdullah/Qt/6.6.2/gcc_64/lib/cmake/Qt6Gui/Qt6QVncIntegrationPluginAdditionalTargetInfo.cmake",
		"/home/abdullah/Qt/6.6.2/gcc_64/lib/cmake/Qt6Gui/Qt6QWaylandEglPlatformIntegrationPluginConfig.cmake",
		"/home/abdullah/Qt/Tools/CMake/share/cmake-3.27/Modules/CMakeFindDependencyMacro.cmake",
		"/home/abdullah/Qt/6.6.2/gcc_64/lib/cmake/Qt6Gui/Qt6QWaylandEglPlatformIntegrationPluginTargets.cmake",
		"/home/abdullah/Qt/6.6.2/gcc_64/lib/cmake/Qt6Gui/Qt6QWaylandEglPlatformIntegrationPluginTargets-relwithdebinfo.cmake",
		"/home/abdullah/Qt/6.6.2/gcc_64/lib/cmake/Qt6Gui/Qt6QWaylandEglPlatformIntegrationPluginAdditionalTargetInfo.cmake",
		"/home/abdullah/Qt/6.6.2/gcc_64/lib/cmake/Qt6Gui/Qt6QWaylandIntegrationPluginConfig.cmake",
		"/home/abdullah/Qt/Tools/CMake/share/cmake-3.27/Modules/CMakeFindDependencyMacro.cmake",
		"/home/abdullah/Qt/6.6.2/gcc_64/lib/cmake/Qt6Gui/Qt6QWaylandIntegrationPluginTargets.cmake",
		"/home/abdullah/Qt/6.6.2/gcc_64/lib/cmake/Qt6Gui/Qt6QWaylandIntegrationPluginTargets-relwithdebinfo.cmake",
		"/home/abdullah/Qt/6.6.2/gcc_64/lib/cmake/Qt6Gui/Qt6QWaylandIntegrationPluginAdditionalTargetInfo.cmake",
		"/home/abdullah/Qt/6.6.2/gcc_64/lib/cmake/Qt6Gui/Qt6QXcbEglIntegrationPluginConfig.cmake",
		"/home/abdullah/Qt/Tools/CMake/share/cmake-3.27/Modules/CMakeFindDependencyMacro.cmake",
		"/home/abdullah/Qt/6.6.2/gcc_64/lib/cmake/Qt6Gui/Qt6QXcbEglIntegrationPluginTargets.cmake",
		"/home/abdullah/Qt/6.6.2/gcc_64/lib/cmake/Qt6Gui/Qt6QXcbEglIntegrationPluginTargets-relwithdebinfo.cmake",
		"/home/abdullah/Qt/6.6.2/gcc_64/lib/cmake/Qt6Gui/Qt6QXcbEglIntegrationPluginAdditionalTargetInfo.cmake",
		"/home/abdullah/Qt/6.6.2/gcc_64/lib/cmake/Qt6Gui/Qt6QXcbGlxIntegrationPluginConfig.cmake",
		"/home/abdullah/Qt/Tools/CMake/share/cmake-3.27/Modules/CMakeFindDependencyMacro.cmake",
		"/home/abdullah/Qt/6.6.2/gcc_64/lib/cmake/Qt6Gui/Qt6QXcbGlxIntegrationPluginTargets.cmake",
		"/home/abdullah/Qt/6.6.2/gcc_64/lib/cmake/Qt6Gui/Qt6QXcbGlxIntegrationPluginTargets-relwithdebinfo.cmake",
		"/home/abdullah/Qt/6.6.2/gcc_64/lib/cmake/Qt6Gui/Qt6QXcbGlxIntegrationPluginAdditionalTargetInfo.cmake",
		"/home/abdullah/Qt/6.6.2/gcc_64/lib/cmake/Qt6Gui/Qt6QXcbIntegrationPluginConfig.cmake",
		"/home/abdullah/Qt/Tools/CMake/share/cmake-3.27/Modules/CMakeFindDependencyMacro.cmake",
		"/home/abdullah/Qt/6.6.2/gcc_64/lib/cmake/Qt6Gui/Qt6QXcbIntegrationPluginTargets.cmake",
		"/home/abdullah/Qt/6.6.2/gcc_64/lib/cmake/Qt6Gui/Qt6QXcbIntegrationPluginTargets-relwithdebinfo.cmake",
		"/home/abdullah/Qt/6.6.2/gcc_64/lib/cmake/Qt6Gui/Qt6QXcbIntegrationPluginAdditionalTargetInfo.cmake",
		"/home/abdullah/Qt/6.6.2/gcc_64/lib/cmake/Qt6Gui/Qt6QXdgDesktopPortalThemePluginConfig.cmake",
		"/home/abdullah/Qt/Tools/CMake/share/cmake-3.27/Modules/CMakeFindDependencyMacro.cmake",
		"/home/abdullah/Qt/6.6.2/gcc_64/lib/cmake/Qt6Gui/Qt6QXdgDesktopPortalThemePluginTargets.cmake",
		"/home/abdullah/Qt/6.6.2/gcc_64/lib/cmake/Qt6Gui/Qt6QXdgDesktopPortalThemePluginTargets-relwithdebinfo.cmake",
		"/home/abdullah/Qt/6.6.2/gcc_64/lib/cmake/Qt6Gui/Qt6QXdgDesktopPortalThemePluginAdditionalTargetInfo.cmake",
		"/home/abdullah/Qt/6.6.2/gcc_64/lib/cmake/Qt6Widgets/Qt6WidgetsTargets.cmake",
		"/home/abdullah/Qt/6.6.2/gcc_64/lib/cmake/Qt6Widgets/Qt6WidgetsTargets-relwithdebinfo.cmake",
		"/home/abdullah/Qt/6.6.2/gcc_64/lib/cmake/Qt6Widgets/Qt6WidgetsAdditionalTargetInfo.cmake",
		"/home/abdullah/Qt/6.6.2/gcc_64/lib/cmake/Qt6Widgets/Qt6WidgetsVersionlessTargets.cmake",
		"/home/abdullah/Qt/6.6.2/gcc_64/lib/cmake/Qt6Widgets/Qt6WidgetsMacros.cmake",
		"/home/abdullah/Qt/Tools/CMake/share/cmake-3.27/Modules/GNUInstallDirs.cmake"
	],
	"CMAKE_SOURCE_DIR" : "/home/abdullah/Desktop/Thesis/Polymath",
	"DEP_FILE" : "/home/abdullah/Desktop/Thesis/build-Polymath-Desktop_Qt_6_6_2_GCC_64bit-Debug/Polymath_autogen/deps",
	"DEP_FILE_RULE_NAME" : "Polymath_autogen/timestamp",
	"HEADERS" : 
	[
		[
			"/home/abdullah/Desktop/Thesis/Polymath/LinearEqSolver.h",
			"MU",
			"EWIEGA46WW/moc_LinearEqSolver.cpp",
			null
		],
		[
			"/home/abdullah/Desktop/Thesis/Polymath/LinearRegression.h",
			"MU",
			"EWIEGA46WW/moc_LinearRegression.cpp",
			null
		],
		[
			"/home/abdullah/Desktop/Thesis/Polymath/mainwindow.h",
			"MU",
			"EWIEGA46WW/moc_mainwindow.cpp",
			null
		]
	],
	"HEADER_EXTENSIONS" : [ "h", "hh", "h++", "hm", "hpp", "hxx", "in", "txx" ],
	"INCLUDE_DIR" : "/home/abdullah/Desktop/Thesis/build-Polymath-Desktop_Qt_6_6_2_GCC_64bit-Debug/Polymath_autogen/include",
	"MOC_COMPILATION_FILE" : "/home/abdullah/Desktop/Thesis/build-Polymath-Desktop_Qt_6_6_2_GCC_64bit-Debug/Polymath_autogen/mocs_compilation.cpp",
	"MOC_DEFINITIONS" : [ "QT_CORE_LIB", "QT_GUI_LIB", "QT_WIDGETS_LIB" ],
	"MOC_DEPEND_FILTERS" : 
	[
		[
			"Q_PLUGIN_METADATA",
			"[\n][ \t]*Q_PLUGIN_METADATA[ \t]*\\([^\\)]*FILE[ \t]*\"([^\"]+)\""
		]
	],
	"MOC_INCLUDES" : 
	[
		"/home/abdullah/Qt/6.6.2/gcc_64/include/QtCore",
		"/home/abdullah/Qt/6.6.2/gcc_64/include",
		"/home/abdullah/Qt/6.6.2/gcc_64/mkspecs/linux-g++",
		"/home/abdullah/Qt/6.6.2/gcc_64/include/QtWidgets",
		"/home/abdullah/Qt/6.6.2/gcc_64/include/QtGui",
		"/usr/include",
		"/usr/include/c++/11",
		"/usr/include/x86_64-linux-gnu/c++/11",
		"/usr/include/c++/11/backward",
		"/usr/lib/gcc/x86_64-linux-gnu/11/include",
		"/usr/local/include",
		"/usr/include/x86_64-linux-gnu"
	],
	"MOC_MACRO_NAMES" : 
	[
		"Q_OBJECT",
		"Q_GADGET",
		"Q_NAMESPACE",
		"Q_NAMESPACE_EXPORT",
		"Q_GADGET_EXPORT"
	],
	"MOC_OPTIONS" : [],
	"MOC_PATH_PREFIX" : false,
	"MOC_PREDEFS_CMD" : 
	[
		"/usr/bin/g++-11",
		"-std=gnu++17",
		"-dM",
		"-E",
		"-c",
		"/home/abdullah/Qt/Tools/CMake/share/cmake-3.27/Modules/CMakeCXXCompilerABI.cpp"
	],
	"MOC_PREDEFS_FILE" : "/home/abdullah/Desktop/Thesis/build-Polymath-Desktop_Qt_6_6_2_GCC_64bit-Debug/Polymath_autogen/moc_predefs.h",
	"MOC_RELAXED_MODE" : false,
	"MOC_SKIP" : [],
	"MULTI_CONFIG" : false,
	"PARALLEL" : 2,
	"PARSE_CACHE_FILE" : "/home/abdullah/Desktop/Thesis/build-Polymath-Desktop_Qt_6_6_2_GCC_64bit-Debug/CMakeFiles/Polymath_autogen.dir/ParseCache.txt",
	"QT_MOC_EXECUTABLE" : "/home/abdullah/Qt/6.6.2/gcc_64/./libexec/moc",
	"QT_UIC_EXECUTABLE" : "/home/abdullah/Qt/6.6.2/gcc_64/./libexec/uic",
	"QT_VERSION_MAJOR" : 6,
	"QT_VERSION_MINOR" : 6,
	"SETTINGS_FILE" : "/home/abdullah/Desktop/Thesis/build-Polymath-Desktop_Qt_6_6_2_GCC_64bit-Debug/CMakeFiles/Polymath_autogen.dir/AutogenUsed.txt",
	"SOURCES" : 
	[
		[
			"/home/abdullah/Desktop/Thesis/Polymath/LinearEqSolver.cpp",
			"MU",
			null
		],
		[
			"/home/abdullah/Desktop/Thesis/Polymath/LinearRegression.cpp",
			"MU",
			null
		],
		[ "/home/abdullah/Desktop/Thesis/Polymath/main.cpp", "MU", null ],
		[ "/home/abdullah/Desktop/Thesis/Polymath/mainwindow.cpp", "MU", null ]
	],
	"UIC_OPTIONS" : [],
	"UIC_SEARCH_PATHS" : [],
	"UIC_SKIP" : [],
	"UIC_UI_FILES" : [],
	"VERBOSITY" : 0
}
